[
  {
    "B7S_AUTH_TOKEN": "eyJhbGciOiJIUzI1NiIsInR5cCI6IkpXVCJ9.eyJ1c2VySWQiOiI2NzQ5
OTVhOTAyMTUwYzIyZTZmYThjMTQiLCJwdWJsaWNBZGRyZXNzIjoiN3VQRGlHTFpldUw3MXc3OXYxODZF
UWFNOWpwQnF2OEtQaTRkOTZzWG9lNXEiLCJ3YWxsZXRUeXBlIjoic29sYW5hIiwiaWF0IjoxNzQ5NTIz
MzI0LCJleHAiOjE3ODEwODA5MjR9.z8IksL2r3UfL-EOCTw7efN5baQDAg3ld9kf3Z7pHJWw",
    "Nodes": [
      {
        "PubKey": "12D3KooWN5tyRQGV54jFhYUjmw5R6Lm7dDhBAhNTWNZxLdvnnQBM",
        "HardwareId": "adfcc5c2dfa1a03e8fc2acf79fe5699bef16c0a09d87b8d0e9a7ceda3
2ae32ef"
      },
      {
        "PubKey": "12D3KooWJtqN6fQHxgwm2cUfuo9D2qYCvyqsepPzULZ5EfM28ZfS",
        "HardwareId": "01fb4d9bc93b51ed12c9b35b3f275a4ede7c7b2aa7ae3dea9bd114ded
424f6da"
      },
      {
        "PubKey": "12D3KooWDHCQceQ7qj9sUCuznNMHYQKCupBY79NXKRrprfeP523u",
        "HardwareId": "5f9af9aba2d1329cefebdfabe9bf34a97de4cfa9bcb5ace2cbe9c6fcd
a1cd5f6"
      },
      {
        "PubKey": "12D3KooW9tWhnNa4ZcaMW2fLeMx9YikGHPhQzcmmLsV2L3ZBEe8b",
        "HardwareId": "5f305b4cafba33da0adad1aabdac3bcdfaa2e2e90aef60a412dd4c202
ea29ff8"
      },
      {
        "PubKey": "12D3KooWEaRo6DWcP4BCFekYhZsoWUHJ9s8dUUKckGCdjATYo3V3",
        "HardwareId": "46fa89c9beb8509c1a146bacdc3c2eb7c58dddf02fa98f6893dcc02db
93edc21"
      }
    ]
  }
]
